Rank2023,Name,Percent,Gender,Count
1,Liam,0.0114,Male,20802
2,Noah,0.0104,Male,18995
3,Oliver,0.0081,Male,14741
4,James,0.0064,Male,11670
5,Elijah,0.0063,Male,11452
6,Mateo,0.0061,Male,11229
7,Theodore,0.006,Male,11041
8,Henry,0.006,Male,10941
9,Lucas,0.0059,Male,10842
10,William,0.0058,Male,10598
11,Benjamin,0.0056,Male,10172
12,Levi,0.0051,Male,9347
13,Sebastian,0.0048,Male,8865
14,Jack,0.0047,Male,8683
15,Ezra,0.0046,Male,8437
16,Michael,0.0046,Male,8383
17,Daniel,0.0046,Male,8356
18,Leo,0.0044,Male,8120
19,Owen,0.0044,Male,7985
20,Samuel,0.0044,Male,7973
21,Hudson,0.0043,Male,7935
22,Alexander,0.0043,Male,7875
23,Asher,0.0043,Male,7853
24,Luca,0.0042,Male,7770
25,Ethan,0.0042,Male,7763
26,John,0.0042,Male,7750
27,David,0.004,Male,7354
28,Jackson,0.004,Male,7284
29,Joseph,0.004,Male,7237
30,Mason,0.004,Male,7237
31,Luke,0.0039,Male,7217
32,Matthew,0.0039,Male,7190
33,Julian,0.0039,Male,7078
34,Dylan,0.0039,Male,7054
35,Elias,0.0038,Male,6980
36,Jacob,0.0038,Male,6976
37,Maverick,0.0038,Male,6962
38,Gabriel,0.0037,Male,6745
39,Logan,0.0037,Male,6686
40,Aiden,0.0036,Male,6675
41,Thomas,0.0036,Male,6598
42,Isaac,0.0036,Male,6581
43,Miles,0.0036,Male,6558
44,Grayson,0.0035,Male,6449
45,Santiago,0.0035,Male,6328
46,Anthony,0.0034,Male,6237
47,Wyatt,0.0034,Male,6237
48,Carter,0.0032,Male,5847
49,Jayden,0.0031,Male,5627
50,Ezekiel,0.003,Male,5569
51,Caleb,0.003,Male,5488
52,Cooper,0.003,Male,5425
53,Josiah,0.003,Male,5404
54,Charles,0.0029,Male,5395
55,Christopher,0.0028,Male,5171
56,Isaiah,0.0028,Male,5121
57,Nolan,0.0028,Male,5112
58,Cameron,0.0028,Male,5069
59,Nathan,0.0028,Male,5049
60,Joshua,0.0028,Male,5035
61,Kai,0.0027,Male,4946
62,Waylon,0.0027,Male,4881
63,Angel,0.0027,Male,4865
64,Lincoln,0.0026,Male,4842
65,Andrew,0.0026,Male,4781
66,Roman,0.0026,Male,4777
67,Adrian,0.0025,Male,4646
68,Aaron,0.0025,Male,4551
69,Wesley,0.0025,Male,4539
70,Ian,0.0025,Male,4538
71,Thiago,0.0025,Male,4505
72,Axel,0.0025,Male,4498
73,Brooks,0.0024,Male,4469
74,Bennett,0.0024,Male,4411
75,Weston,0.0024,Male,4356
76,Rowan,0.0023,Male,4195
77,Christian,0.0023,Male,4125
78,Theo,0.0023,Male,4122
79,Beau,0.0022,Male,4090
80,Eli,0.0022,Male,4081
81,Silas,0.0022,Male,4070
82,Jonathan,0.0022,Male,4066
83,Ryan,0.0022,Male,4020
84,Leonardo,0.0022,Male,4012
85,Walker,0.0022,Male,4006
86,Jaxon,0.0021,Male,3918
87,Micah,0.0021,Male,3875
88,Everett,0.0021,Male,3808
89,Robert,0.0021,Male,3807
90,Enzo,0.0021,Male,3796
91,Parker,0.0021,Male,3792
92,Jeremiah,0.002,Male,3750
93,Jose,0.002,Male,3704
94,Colton,0.002,Male,3696
95,Luka,0.002,Male,3650
96,Easton,0.002,Male,3637
97,Landon,0.002,Male,3637
98,Jordan,0.002,Male,3632
99,Amir,0.002,Male,3620
100,Gael,0.002,Male,3616
101,Austin,0.0019,Male,3475
102,Adam,0.0019,Male,3474
103,Jameson,0.0019,Male,3471
104,August,0.0019,Male,3439
105,Xavier,0.0019,Male,3413
106,Myles,0.0019,Male,3399
107,Dominic,0.0019,Male,3395
108,Damian,0.0018,Male,3281
109,Nicholas,0.0018,Male,3242
110,Jace,0.0017,Male,3203
111,Carson,0.0017,Male,3200
112,Atlas,0.0017,Male,3197
113,Adriel,0.0017,Male,3185
114,Kayden,0.0017,Male,3120
115,Hunter,0.0017,Male,3110
116,River,0.0017,Male,3084
117,Greyson,0.0017,Male,3065
118,Emmett,0.0017,Male,3061
119,Harrison,0.0017,Male,3060
120,Vincent,0.0016,Male,2982
121,Milo,0.0016,Male,2950
122,Jasper,0.0016,Male,2933
123,Giovanni,0.0016,Male,2911
124,Jonah,0.0016,Male,2874
125,Zion,0.0016,Male,2867
126,Connor,0.0016,Male,2855
127,Sawyer,0.0015,Male,2833
128,Arthur,0.0015,Male,2823
129,Ryder,0.0015,Male,2822
130,Archer,0.0015,Male,2819
131,Lorenzo,0.0015,Male,2810
132,Declan,0.0015,Male,2799
133,Emiliano,0.0015,Male,2778
134,Luis,0.0015,Male,2760
135,Diego,0.0015,Male,2734
136,George,0.0015,Male,2689
137,Evan,0.0014,Male,2581
138,Jaxson,0.0014,Male,2556
139,Carlos,0.0014,Male,2546
140,Graham,0.0014,Male,2533
141,Juan,0.0014,Male,2526
142,Kingston,0.0014,Male,2511
143,Nathaniel,0.0014,Male,2507
144,Matteo,0.0014,Male,2503
145,Legend,0.0014,Male,2492
146,Malachi,0.0013,Male,2466
147,Jason,0.0013,Male,2456
148,Leon,0.0013,Male,2447
149,Dawson,0.0013,Male,2439
150,Bryson,0.0013,Male,2434
151,Amari,0.0013,Male,2410
152,Calvin,0.0013,Male,2403
153,Ivan,0.0013,Male,2384
154,Chase,0.0013,Male,2378
155,Cole,0.0013,Male,2359
156,Ashton,0.0013,Male,2330
157,Ace,0.0013,Male,2314
158,Arlo,0.0013,Male,2297
159,Dean,0.0012,Male,2281
160,Brayden,0.0012,Male,2274
161,Jude,0.0012,Male,2258
162,Hayden,0.0012,Male,2219
163,Max,0.0012,Male,2197
164,Matias,0.0012,Male,2191
165,Rhett,0.0012,Male,2183
166,Jayce,0.0012,Male,2166
167,Elliott,0.0012,Male,2160
168,Alan,0.0012,Male,2159
169,Braxton,0.0012,Male,2128
170,Kaiden,0.0012,Male,2126
171,Zachary,0.0012,Male,2112
172,Jesus,0.0011,Male,2102
173,Emmanuel,0.0011,Male,2100
174,Adonis,0.0011,Male,2093
175,Charlie,0.0011,Male,2091
176,Judah,0.0011,Male,2079
177,Tyler,0.0011,Male,2064
178,Elliot,0.0011,Male,2060
179,Antonio,0.0011,Male,2018
180,Emilio,0.0011,Male,2012
181,Camden,0.0011,Male,2009
182,Stetson,0.0011,Male,1987
183,Maxwell,0.0011,Male,1983
184,Ryker,0.0011,Male,1976
185,Justin,0.0011,Male,1925
186,Kevin,0.001,Male,1914
187,Messiah,0.001,Male,1909
188,Finn,0.001,Male,1907
189,Bentley,0.001,Male,1906
190,Ayden,0.001,Male,1904
191,Zayden,0.001,Male,1898
192,Felix,0.001,Male,1894
193,Nicolas,0.001,Male,1886
194,Miguel,0.001,Male,1883
195,Maddox,0.001,Male,1878
196,Beckett,0.001,Male,1865
197,Tate,0.001,Male,1845
198,Caden,0.001,Male,1835
199,Beckham,0.001,Male,1829
200,Andres,0.001,Male,1827
201,Alejandro,0.001,Male,1825
202,Alex,0.001,Male,1806
203,Jesse,0.001,Male,1804
204,Brody,0.001,Male,1803
205,Tucker,0.001,Male,1802
206,Jett,0.001,Male,1781
207,Barrett,0.001,Male,1780
208,Knox,0.001,Male,1770
209,Hayes,0.001,Male,1746
210,Peter,0.0009,Male,1738
211,Timothy,0.0009,Male,1733
212,Joel,0.0009,Male,1728
213,Edward,0.0009,Male,1723
214,Griffin,0.0009,Male,1722
215,Xander,0.0009,Male,1700
216,Oscar,0.0009,Male,1693
217,Victor,0.0009,Male,1687
218,Abraham,0.0009,Male,1681
219,Brandon,0.0009,Male,1654
220,Abel,0.0009,Male,1648
221,Richard,0.0009,Male,1638
222,Callum,0.0009,Male,1636
223,Riley,0.0009,Male,1627
224,Patrick,0.0009,Male,1596
225,Karter,0.0009,Male,1590
226,Malakai,0.0009,Male,1568
227,Eric,0.0008,Male,1541
228,Grant,0.0008,Male,1539
229,Israel,0.0008,Male,1530
230,Milan,0.0008,Male,1516
231,Gavin,0.0008,Male,1512
232,Rafael,0.0008,Male,1508
233,Tatum,0.0008,Male,1492
234,Kairo,0.0008,Male,1484
235,Elian,0.0008,Male,1483
236,Kyrie,0.0008,Male,1474
237,Louis,0.0008,Male,1474
238,Lukas,0.0008,Male,1472
239,Javier,0.0008,Male,1462
240,Nico,0.0008,Male,1462
241,Avery,0.0008,Male,1456
242,Rory,0.0008,Male,1442
243,Aziel,0.0008,Male,1428
244,Ismael,0.0008,Male,1421
245,Jeremy,0.0008,Male,1413
246,Zayn,0.0008,Male,1413
247,Cohen,0.0008,Male,1404
248,Simon,0.0008,Male,1398
249,Marcus,0.0008,Male,1394
250,Steven,0.0008,Male,1387
251,Mark,0.0008,Male,1386
252,Dallas,0.0008,Male,1375
253,Tristan,0.0008,Male,1373
254,Lane,0.0007,Male,1371
255,Blake,0.0007,Male,1366
256,Paul,0.0007,Male,1351
257,Paxton,0.0007,Male,1351
258,Bryce,0.0007,Male,1346
259,Nash,0.0007,Male,1328
260,Crew,0.0007,Male,1316
261,Kash,0.0007,Male,1316
262,Kenneth,0.0007,Male,1314
263,Omar,0.0007,Male,1306
264,Colt,0.0007,Male,1298
265,Lennox,0.0007,Male,1281
266,King,0.0007,Male,1276
267,Walter,0.0007,Male,1272
268,Emerson,0.0007,Male,1258
269,Phoenix,0.0007,Male,1243
270,Jaylen,0.0007,Male,1240
271,Derek,0.0007,Male,1238
272,Muhammad,0.0007,Male,1237
273,Ellis,0.0007,Male,1228
274,Kaleb,0.0007,Male,1228
275,Preston,0.0007,Male,1228
276,Jorge,0.0007,Male,1221
277,Zane,0.0007,Male,1220
278,Kayson,0.0007,Male,1217
279,Cade,0.0007,Male,1214
280,Tobias,0.0007,Male,1213
281,Otto,0.0007,Male,1191
282,Kaden,0.0006,Male,1188
283,Remington,0.0006,Male,1184
284,Atticus,0.0006,Male,1181
285,Finley,0.0006,Male,1171
286,Holden,0.0006,Male,1171
287,Jax,0.0006,Male,1155
288,Cash,0.0006,Male,1147
289,Martin,0.0006,Male,1147
290,Ronan,0.0006,Male,1145
291,Maximiliano,0.0006,Male,1143
292,Malcolm,0.0006,Male,1128
293,Romeo,0.0006,Male,1123
294,Josue,0.0006,Male,1122
295,Francisco,0.0006,Male,1121
296,Bodhi,0.0006,Male,1117
297,Cyrus,0.0006,Male,1117
298,Koa,0.0006,Male,1115
299,Angelo,0.0006,Male,1114
300,Aidan,0.0006,Male,1111
301,Jensen,0.0006,Male,1108
302,Erick,0.0006,Male,1104
303,Hendrix,0.0006,Male,1084
304,Warren,0.0006,Male,1080
305,Bryan,0.0006,Male,1079
306,Cody,0.0006,Male,1078
307,Leonel,0.0006,Male,1070
308,Onyx,0.0006,Male,1069
309,Ali,0.0006,Male,1065
310,Andre,0.0006,Male,1063
311,Jaziel,0.0006,Male,1063
312,Clayton,0.0006,Male,1062
313,Saint,0.0006,Male,1059
314,Dante,0.0006,Male,1058
315,Reid,0.0006,Male,1058
316,Casey,0.0006,Male,1050
317,Brian,0.0006,Male,1044
318,Gideon,0.0006,Male,1034
319,Niko,0.0006,Male,1033
320,Maximus,0.0006,Male,1032
321,Colter,0.0006,Male,1031
322,Kyler,0.0006,Male,1031
323,Brady,0.0006,Male,1030
324,Zyaire,0.0006,Male,1029
325,Cristian,0.0006,Male,1024
326,Cayden,0.0006,Male,1022
327,Harvey,0.0006,Male,1022
328,Cruz,0.0006,Male,1012
329,Dakota,0.0006,Male,1009
330,Damien,0.0006,Male,1009
331,Manuel,0.0005,Male,1006
332,Anderson,0.0005,Male,1005
333,Cairo,0.0005,Male,1003
334,Colin,0.0005,Male,1001
335,Joaquin,0.0005,Male,997
336,Ezequiel,0.0005,Male,988
337,Karson,0.0005,Male,984
338,Callan,0.0005,Male,983
339,Briggs,0.0005,Male,982
340,Khalil,0.0005,Male,979
341,Wade,0.0005,Male,971
342,Jared,0.0005,Male,968
343,Fernando,0.0005,Male,967
344,Ari,0.0005,Male,964
345,Colson,0.0005,Male,948
346,Kylian,0.0005,Male,948
347,Archie,0.0005,Male,940
348,Banks,0.0005,Male,938
349,Bowen,0.0005,Male,934
350,Kade,0.0005,Male,933
351,Daxton,0.0005,Male,928
352,Jaden,0.0005,Male,927
353,Rhys,0.0005,Male,924
354,Sonny,0.0005,Male,924
355,Zander,0.0005,Male,924
356,Eduardo,0.0005,Male,920
357,Iker,0.0005,Male,915
358,Sullivan,0.0005,Male,914
359,Bradley,0.0005,Male,904
360,Raymond,0.0005,Male,900
361,Odin,0.0005,Male,897
362,Spencer,0.0005,Male,897
363,Stephen,0.0005,Male,892
364,Prince,0.0005,Male,885
365,Brantley,0.0005,Male,884
366,Killian,0.0005,Male,883
367,Kamari,0.0005,Male,882
368,Cesar,0.0005,Male,879
369,Dariel,0.0005,Male,877
370,Eithan,0.0005,Male,874
371,Mathias,0.0005,Male,874
372,Ricardo,0.0005,Male,873
373,Orion,0.0005,Male,861
374,Titus,0.0005,Male,858
375,Luciano,0.0005,Male,855
376,Rylan,0.0005,Male,852
377,Pablo,0.0005,Male,850
378,Chance,0.0005,Male,847
379,Travis,0.0005,Male,840
380,Kohen,0.0005,Male,837
381,Marco,0.0005,Male,833
382,Jay,0.0005,Male,831
383,Malik,0.0005,Male,831
384,Hector,0.0005,Male,828
385,Edwin,0.0005,Male,824
386,Armani,0.0004,Male,822
387,Bodie,0.0004,Male,822
388,Shiloh,0.0004,Male,815
389,Marshall,0.0004,Male,813
390,Remy,0.0004,Male,813
391,Russell,0.0004,Male,813
392,Baylor,0.0004,Male,812
393,Kameron,0.0004,Male,812
394,Tyson,0.0004,Male,807
395,Grady,0.0004,Male,800
396,Oakley,0.0004,Male,799
397,Baker,0.0004,Male,798
398,Winston,0.0004,Male,797
399,Kane,0.0004,Male,792
400,Julius,0.0004,Male,791
401,Desmond,0.0004,Male,789
402,Royal,0.0004,Male,789
403,Sterling,0.0004,Male,789
404,Mario,0.0004,Male,787
405,Kylo,0.0004,Male,786
406,Sergio,0.0004,Male,782
407,Jake,0.0004,Male,781
408,Kashton,0.0004,Male,781
409,Shepherd,0.0004,Male,779
410,Franklin,0.0004,Male,776
411,Ibrahim,0.0004,Male,774
412,Ares,0.0004,Male,772
413,Koda,0.0004,Male,771
414,Lawson,0.0004,Male,768
415,Hugo,0.0004,Male,765
416,Kyle,0.0004,Male,754
417,Kyson,0.0004,Male,754
418,Kobe,0.0004,Male,753
419,Pedro,0.0004,Male,753
420,Santino,0.0004,Male,752
421,Wilder,0.0004,Male,752
422,Sage,0.0004,Male,750
423,Raiden,0.0004,Male,747
424,Damon,0.0004,Male,742
425,Nasir,0.0004,Male,739
426,Sean,0.0004,Male,739
427,Forrest,0.0004,Male,737
428,Kian,0.0004,Male,732
429,Reed,0.0004,Male,724
430,Tanner,0.0004,Male,720
431,Jalen,0.0004,Male,719
432,Apollo,0.0004,Male,717
433,Zayne,0.0004,Male,717
434,Nehemiah,0.0004,Male,716
435,Edgar,0.0004,Male,714
436,Johnny,0.0004,Male,711
437,Clark,0.0004,Male,707
438,Eden,0.0004,Male,706
439,Gunner,0.0004,Male,705
440,Isaias,0.0004,Male,700
441,Esteban,0.0004,Male,698
442,Hank,0.0004,Male,697
443,Alijah,0.0004,Male,696
444,Solomon,0.0004,Male,696
445,Wells,0.0004,Male,696
446,Sutton,0.0004,Male,695
447,Royce,0.0004,Male,694
448,Callen,0.0004,Male,686
449,Reece,0.0004,Male,686
450,Gianni,0.0004,Male,685
451,Noel,0.0004,Male,685
452,Quinn,0.0004,Male,685
453,Raphael,0.0004,Male,680
454,Corbin,0.0004,Male,675
455,Erik,0.0004,Male,675
456,Tripp,0.0004,Male,671
457,Atreus,0.0004,Male,670
458,Francis,0.0004,Male,670
459,Kayce,0.0004,Male,666
460,Callahan,0.0004,Male,662
461,Devin,0.0004,Male,662
462,Troy,0.0004,Male,662
463,Sylas,0.0004,Male,657
464,Fabian,0.0004,Male,656
465,Zaire,0.0004,Male,654
466,Donovan,0.0004,Male,649
467,Johnathan,0.0004,Male,647
468,Frank,0.0004,Male,646
469,Lewis,0.0004,Male,645
470,Moshe,0.0004,Male,644
471,Adan,0.0004,Male,643
472,Alexis,0.0004,Male,641
473,Tadeo,0.0004,Male,640
474,Ronin,0.0003,Male,638
475,Marcos,0.0003,Male,637
476,Kieran,0.0003,Male,634
477,Leonidas,0.0003,Male,634
478,Bo,0.0003,Male,630
479,Kendrick,0.0003,Male,630
480,Ruben,0.0003,Male,627
481,Camilo,0.0003,Male,626
482,Garrett,0.0003,Male,624
483,Matthias,0.0003,Male,623
484,Emanuel,0.0003,Male,620
485,Jeffrey,0.0003,Male,617
486,Collin,0.0003,Male,613
487,Lucian,0.0003,Male,611
488,Augustus,0.0003,Male,610
489,Memphis,0.0003,Male,610
490,Rowen,0.0003,Male,610
491,Yusuf,0.0003,Male,610
492,Finnegan,0.0003,Male,608
493,Makai,0.0003,Male,608
494,Lionel,0.0003,Male,607
495,Caiden,0.0003,Male,606
496,Rodrigo,0.0003,Male,606
497,Uriel,0.0003,Male,606
498,Lucca,0.0003,Male,605
499,Philip,0.0003,Male,605
500,Andy,0.0003,Male,603
501,Kaison,0.0003,Male,603
502,Jaiden,0.0003,Male,602
503,Porter,0.0003,Male,602
504,Jasiah,0.0003,Male,598
505,Ridge,0.0003,Male,598
506,Frederick,0.0003,Male,595
507,Amiri,0.0003,Male,594
508,Rocco,0.0003,Male,589
509,Asa,0.0003,Male,588
510,Ayaan,0.0003,Male,585
511,Kason,0.0003,Male,585
512,Denver,0.0003,Male,583
513,Dalton,0.0003,Male,578
514,Major,0.0003,Male,576
515,Valentino,0.0003,Male,575
516,Allen,0.0003,Male,568
517,Kolton,0.0003,Male,568
518,Zaiden,0.0003,Male,567
519,Ariel,0.0003,Male,565
520,Rome,0.0003,Male,565
521,Ford,0.0003,Male,564
522,Leland,0.0003,Male,564
523,Marcelo,0.0003,Male,564
524,Seth,0.0003,Male,562
525,Jamir,0.0003,Male,561
526,Leandro,0.0003,Male,561
527,Miller,0.0003,Male,558
528,Roberto,0.0003,Male,558
529,Alessandro,0.0003,Male,555
530,Gregory,0.0003,Male,554
531,Hezekiah,0.0003,Male,554
532,Jonas,0.0003,Male,554
533,Cassian,0.0003,Male,553
534,Deacon,0.0003,Male,553
535,Jaxton,0.0003,Male,550
536,Keanu,0.0003,Male,549
537,Alonzo,0.0003,Male,548
538,Moises,0.0003,Male,548
539,Conrad,0.0003,Male,547
540,Drew,0.0003,Male,546
541,Bruce,0.0003,Male,544
542,Mohamed,0.0003,Male,542
543,Anakin,0.0003,Male,541
544,Soren,0.0003,Male,540
545,Mack,0.0003,Male,539
546,Pierce,0.0003,Male,536
547,Kylan,0.0003,Male,533
548,Princeton,0.0003,Male,531
549,Zain,0.0003,Male,531
550,Trevor,0.0003,Male,528
551,Morgan,0.0003,Male,527
552,Ozzy,0.0003,Male,526
553,Roy,0.0003,Male,526
554,Dominick,0.0003,Male,525
555,Shane,0.0003,Male,525
556,Hamza,0.0003,Male,523
557,Moses,0.0003,Male,523
558,Dax,0.0003,Male,519
559,Lawrence,0.0003,Male,519
560,Ander,0.0003,Male,516
561,Ledger,0.0003,Male,516
562,Enrique,0.0003,Male,515
563,Rayan,0.0003,Male,515
564,Johan,0.0003,Male,514
565,Saul,0.0003,Male,514
566,Jamari,0.0003,Male,513
567,Armando,0.0003,Male,512
568,Kaysen,0.0003,Male,512
569,Samson,0.0003,Male,512
570,Azariah,0.0003,Male,511
571,Maximilian,0.0003,Male,511
572,Rio,0.0003,Male,510
573,Braylen,0.0003,Male,509
574,Julio,0.0003,Male,509
575,Mohammad,0.0003,Male,509
576,Cassius,0.0003,Male,506
577,Kasen,0.0003,Male,497
578,Maximo,0.0003,Male,496
579,Omari,0.0003,Male,495
580,Clay,0.0003,Male,491
581,Izaiah,0.0003,Male,491
582,Lian,0.0003,Male,491
583,Emir,0.0003,Male,490
584,Jaime,0.0003,Male,490
585,Samir,0.0003,Male,488
586,Gerardo,0.0003,Male,486
587,Kaizen,0.0003,Male,486
588,Zachariah,0.0003,Male,485
589,Jayson,0.0003,Male,484
590,Albert,0.0003,Male,481
591,Taylor,0.0003,Male,481
592,Sincere,0.0003,Male,477
593,Cillian,0.0003,Male,476
594,Gunnar,0.0003,Male,475
595,Boone,0.0003,Male,474
596,Raul,0.0003,Male,474
597,Jamie,0.0003,Male,473
598,Jayceon,0.0003,Male,473
599,Scott,0.0003,Male,471
600,Westin,0.0003,Male,471
601,Danny,0.0003,Male,470
602,Arjun,0.0003,Male,469
603,Kamden,0.0003,Male,468
604,Colby,0.0003,Male,467
605,Peyton,0.0003,Male,467
606,Koen,0.0003,Male,466
607,Nikolai,0.0003,Male,466
608,Dorian,0.0003,Male,465
609,Ocean,0.0003,Male,465
610,Louie,0.0003,Male,459
611,Layton,0.0002,Male,456
612,Ronald,0.0002,Male,456
613,Jase,0.0002,Male,455
614,Kyro,0.0002,Male,455
615,Benson,0.0002,Male,454
616,Davis,0.0002,Male,454
617,Huxley,0.0002,Male,451
618,Kenzo,0.0002,Male,451
619,Conor,0.0002,Male,450
620,Mohammed,0.0002,Male,450
621,Arturo,0.0002,Male,449
622,Phillip,0.0002,Male,449
623,Augustine,0.0002,Male,448
624,Reign,0.0002,Male,448
625,Yosef,0.0002,Male,444
626,Kareem,0.0002,Male,441
627,Keegan,0.0002,Male,441
628,Vicente,0.0002,Male,441
629,Salem,0.0002,Male,439
630,Reese,0.0002,Male,438
631,Fletcher,0.0002,Male,436
632,Shawn,0.0002,Male,436
633,Braylon,0.0002,Male,434
634,Alden,0.0002,Male,431
635,Julien,0.0002,Male,431
636,Cannon,0.0002,Male,430
637,Chaim,0.0002,Male,430
638,Gustavo,0.0002,Male,430
639,Boston,0.0002,Male,429
640,Zeke,0.0002,Male,429
641,Eliam,0.0002,Male,428
642,Corey,0.0002,Male,426
643,Dennis,0.0002,Male,426
644,Madden,0.0002,Male,426
645,Marvin,0.0002,Male,426
646,Elio,0.0002,Male,422
647,Krew,0.0002,Male,420
648,Ahmed,0.0002,Male,419
649,Layne,0.0002,Male,419
650,Nikolas,0.0002,Male,419
651,Mac,0.0002,Male,417
652,Otis,0.0002,Male,417
653,Harlan,0.0002,Male,416
654,Azriel,0.0002,Male,415
655,Emmitt,0.0002,Male,415
656,Brixton,0.0002,Male,414
657,Donald,0.0002,Male,414
658,Musa,0.0002,Male,414
659,Amos,0.0002,Male,413
660,Jamison,0.0002,Male,413
661,Dario,0.0002,Male,412
662,Roland,0.0002,Male,412
663,Zakai,0.0002,Male,412
664,Aarav,0.0002,Male,408
665,Caspian,0.0002,Male,408
666,Finnley,0.0002,Male,408
667,Raylan,0.0002,Male,408
668,Mauricio,0.0002,Male,406
669,Briar,0.0002,Male,404
670,Wilson,0.0002,Male,404
671,Chosen,0.0002,Male,403
672,Sam,0.0002,Male,403
673,Tru,0.0002,Male,403
674,Trace,0.0002,Male,402
675,Waylen,0.0002,Male,402
676,Quincy,0.0002,Male,401
677,Santana,0.0002,Male,401
678,Creed,0.0002,Male,400
679,Jakari,0.0002,Male,398
680,Westley,0.0002,Male,397
681,Amias,0.0002,Male,394
682,Azrael,0.0002,Male,394
683,Drake,0.0002,Male,394
684,Duke,0.0002,Male,393
685,Ahmad,0.0002,Male,392
686,Axton,0.0002,Male,392
687,Chandler,0.0002,Male,388
688,Hassan,0.0002,Male,388
689,Houston,0.0002,Male,387
690,Tommy,0.0002,Male,387
691,Eliseo,0.0002,Male,384
692,Dustin,0.0002,Male,382
693,Leonard,0.0002,Male,382
694,Kyree,0.0002,Male,381
695,Truett,0.0002,Male,380
696,Abdiel,0.0002,Male,379
697,Azael,0.0002,Male,379
698,Ezrah,0.0002,Male,379
699,Zamir,0.0002,Male,379
700,Dexter,0.0002,Male,378
701,Salvador,0.0002,Male,378
702,Uriah,0.0002,Male,378
703,Ryland,0.0002,Male,376
704,Zyair,0.0002,Male,376
705,Karim,0.0002,Male,375
706,Lee,0.0002,Male,375
707,Rhodes,0.0002,Male,374
708,Bruno,0.0002,Male,373
709,Case,0.0002,Male,372
710,Mylo,0.0002,Male,372
711,Valentin,0.0002,Male,372
712,Abram,0.0002,Male,371
713,Avyaan,0.0002,Male,371
714,Cal,0.0002,Male,371
715,Keith,0.0002,Male,370
716,Alvaro,0.0002,Male,369
717,Enoch,0.0002,Male,368
718,Trey,0.0002,Male,368
719,Clyde,0.0002,Male,367
720,Nathanael,0.0002,Male,367
721,Khai,0.0002,Male,366
722,Rex,0.0002,Male,366
723,Zaid,0.0002,Male,366
724,Dutton,0.0002,Male,365
725,Skyler,0.0002,Male,365
726,Tomas,0.0002,Male,365
727,Wylder,0.0002,Male,365
728,Darius,0.0002,Male,364
729,Crue,0.0002,Male,363
730,Jakai,0.0002,Male,362
731,Zayd,0.0002,Male,361
732,Gage,0.0002,Male,358
733,Riggs,0.0002,Male,358
734,Wayne,0.0002,Male,358
735,Jiraiya,0.0002,Male,357
736,Junior,0.0002,Male,356
737,Aryan,0.0002,Male,355
738,Carmelo,0.0002,Male,355
739,Conner,0.0002,Male,355
740,Alberto,0.0002,Male,354
741,Alfredo,0.0002,Male,354
742,Loyal,0.0002,Male,354
743,Douglas,0.0002,Male,353
744,Vincenzo,0.0002,Male,352
745,Aron,0.0002,Male,348
746,Casen,0.0002,Male,348
747,Forest,0.0002,Male,348
748,Avi,0.0002,Male,347
749,Bellamy,0.0002,Male,347
750,Emery,0.0002,Male,347
751,Bridger,0.0002,Male,346
752,Brock,0.0002,Male,346
753,Misael,0.0002,Male,346
754,Lennon,0.0002,Male,344
755,Zahir,0.0002,Male,344
756,Boden,0.0002,Male,343
757,Derrick,0.0002,Male,342
758,Dilan,0.0002,Male,342
759,Roger,0.0002,Male,342
760,Marcel,0.0002,Male,341
761,Rayden,0.0002,Male,341
762,Jefferson,0.0002,Male,339
763,Alvin,0.0002,Male,336
764,Kaiser,0.0002,Male,335
765,Blaze,0.0002,Male,334
766,Dillon,0.0002,Male,334
767,Magnus,0.0002,Male,334
768,Quentin,0.0002,Male,334
769,Ray,0.0002,Male,333
770,Dakari,0.0002,Male,332
771,Lachlan,0.0002,Male,332
772,Ty,0.0002,Male,331
773,Abdullah,0.0002,Male,330
774,Chris,0.0002,Male,329
775,Orlando,0.0002,Male,329
776,Yael,0.0002,Male,328
777,Gian,0.0002,Male,327
778,Benicio,0.0002,Male,326
779,Franco,0.0002,Male,323
780,Evander,0.0002,Male,322
781,Flynn,0.0002,Male,322
782,Harry,0.0002,Male,322
783,Robin,0.0002,Male,322
784,Sevyn,0.0002,Male,321
785,Hugh,0.0002,Male,320
786,Aries,0.0002,Male,319
787,Cason,0.0002,Male,319
788,Idris,0.0002,Male,319
789,Ambrose,0.0002,Male,318
790,Issac,0.0002,Male,318
791,Yehuda,0.0002,Male,318
792,Brycen,0.0002,Male,316
793,Cayson,0.0002,Male,316
794,Rey,0.0002,Male,314
795,Santos,0.0002,Male,314
796,Ben,0.0002,Male,311
797,Nelson,0.0002,Male,310
798,Wes,0.0002,Male,310
799,Westyn,0.0002,Male,310
800,Khaza,0.0002,Male,308
801,Bjorn,0.0002,Male,306
802,Kiaan,0.0002,Male,306
803,Seven,0.0002,Male,306
804,Watson,0.0002,Male,305
805,Gatlin,0.0002,Male,303
806,Izael,0.0002,Male,303
807,Stanley,0.0002,Male,303
808,Allan,0.0002,Male,302
809,Jahmir,0.0002,Male,302
810,Landen,0.0002,Male,302
811,Neil,0.0002,Male,302
812,Quinton,0.0002,Male,301
813,Chozen,0.0002,Male,300
814,Noe,0.0002,Male,300
815,Reuben,0.0002,Male,300
816,Damir,0.0002,Male,299
817,Bear,0.0002,Male,298
818,Jimmy,0.0002,Male,298
819,Kannon,0.0002,Male,298
820,Lance,0.0002,Male,298
821,Melvin,0.0002,Male,298
822,Remi,0.0002,Male,298
823,Yousef,0.0002,Male,297
824,Lochlan,0.0002,Male,296
825,Arian,0.0002,Male,295
826,Kenji,0.0002,Male,295
827,Khari,0.0002,Male,295
828,Rohan,0.0002,Male,295
829,Legacy,0.0002,Male,294
830,Edison,0.0002,Male,292
831,Emory,0.0002,Male,292
832,Rudy,0.0002,Male,292
833,Eliel,0.0002,Male,291
834,Aden,0.0002,Male,290
835,Byron,0.0002,Male,290
836,Dereck,0.0002,Male,290
837,Everest,0.0002,Male,290
838,Yahir,0.0002,Male,290
839,Guillermo,0.0002,Male,289
840,Alec,0.0002,Male,288
841,Brodie,0.0002,Male,288
842,Massimo,0.0002,Male,288
843,Mitchell,0.0002,Male,288
844,Anders,0.0002,Male,287
845,Alonso,0.0002,Male,286
846,Jaxxon,0.0002,Male,286
847,Tony,0.0002,Male,286
848,Jireh,0.0002,Male,284
849,Kingsley,0.0002,Male,284
850,Jerry,0.0002,Male,283
851,Ayan,0.0002,Male,282
852,Brayan,0.0002,Male,282
853,Ramon,0.0002,Male,282
854,Jagger,0.0002,Male,281
855,Elisha,0.0002,Male,280
856,Vihaan,0.0002,Male,280
857,Teo,0.0002,Male,279
858,Eddie,0.0002,Male,278
859,Judson,0.0002,Male,278
860,Leif,0.0002,Male,278
861,Trenton,0.0002,Male,278
862,Grey,0.0002,Male,275
863,Joziah,0.0002,Male,275
864,Felipe,0.0001,Male,273
865,Jesiah,0.0001,Male,273
866,Zyon,0.0001,Male,273
867,Kyaire,0.0001,Male,272
868,Ernesto,0.0001,Male,271
869,Ishaan,0.0001,Male,270
870,Matheo,0.0001,Male,269
871,Ricky,0.0001,Male,269
872,Fisher,0.0001,Male,268
873,Keaton,0.0001,Male,268
874,Kylen,0.0001,Male,267
875,Marcellus,0.0001,Male,267
876,Izan,0.0001,Male,266
877,Leroy,0.0001,Male,266
878,Jedidiah,0.0001,Male,265
879,Ignacio,0.0001,Male,264
880,Ira,0.0001,Male,264
881,Zev,0.0001,Male,264
882,Mustafa,0.0001,Male,263
883,Yahya,0.0001,Male,263
884,Aurelio,0.0001,Male,261
885,Brendan,0.0001,Male,261
886,Calum,0.0001,Male,261
887,Jericho,0.0001,Male,261
888,Nixon,0.0001,Male,261
889,Demetrius,0.0001,Male,260
890,Eiden,0.0001,Male,260
891,Rocky,0.0001,Male,260
892,Langston,0.0001,Male,259
893,Jovanni,0.0001,Male,258
894,Mathew,0.0001,Male,258
895,Landyn,0.0001,Male,257
896,Murphy,0.0001,Male,257
897,Axl,0.0001,Male,256
898,Dane,0.0001,Male,256
899,Jrue,0.0001,Male,256
900,Justice,0.0001,Male,256
901,Kellan,0.0001,Male,256
902,Semaj,0.0001,Male,256
903,Thaddeus,0.0001,Male,256
904,Curtis,0.0001,Male,255
905,Dash,0.0001,Male,255
906,Zavier,0.0001,Male,255
907,Devon,0.0001,Male,254
908,Joe,0.0001,Male,254
909,Joey,0.0001,Male,253
910,Jon,0.0001,Male,253
911,Harlem,0.0001,Male,252
912,Jairo,0.0001,Male,252
913,Ryatt,0.0001,Male,252
914,Salvatore,0.0001,Male,252
915,Van,0.0001,Male,252
916,Zechariah,0.0001,Male,251
917,Coleson,0.0001,Male,250
918,Eugene,0.0001,Male,250
919,Kellen,0.0001,Male,250
920,Alistair,0.0001,Male,249
921,Colten,0.0001,Male,249
922,Jabari,0.0001,Male,249
923,Lucien,0.0001,Male,249
924,Castiel,0.0001,Male,248
925,Cain,0.0001,Male,247
926,Harold,0.0001,Male,246
927,Alfred,0.0001,Male,245
928,Benedict,0.0001,Male,245
929,Shmuel,0.0001,Male,244
930,Duncan,0.0001,Male,243
931,Ermias,0.0001,Male,243
932,Yadiel,0.0001,Male,242
933,Imran,0.0001,Male,241
934,Kaisen,0.0001,Male,241
935,Zen,0.0001,Male,241
936,Eren,0.0001,Male,240
937,Kolson,0.0001,Male,240
938,Kye,0.0001,Male,240
939,Jasiel,0.0001,Male,239
940,Kyren,0.0001,Male,239
941,Marlon,0.0001,Male,239
942,Palmer,0.0001,Male,239
943,Adler,0.0001,Male,238
944,Aldo,0.0001,Male,238
945,Meir,0.0001,Male,238
946,Osiris,0.0001,Male,238
947,Ameer,0.0001,Male,237
948,Kartier,0.0001,Male,237
949,Wesson,0.0001,Male,237
950,Ahmir,0.0001,Male,236
951,Mordechai,0.0001,Male,236
952,Nova,0.0001,Male,236
953,Randy,0.0001,Male,236
954,Shepard,0.0001,Male,236
955,Talon,0.0001,Male,236
956,Vance,0.0001,Male,236
957,Asaiah,0.0001,Male,235
958,Boaz,0.0001,Male,234
959,Kenai,0.0001,Male,234
960,Jones,0.0001,Male,233
961,Carl,0.0001,Male,232
962,Stefan,0.0001,Male,232
963,Deandre,0.0001,Male,231
964,Kelvin,0.0001,Male,231
965,Leighton,0.0001,Male,231
966,Yaakov,0.0001,Male,231
967,Foster,0.0001,Male,230
968,Rishi,0.0001,Male,228
969,Yisroel,0.0001,Male,228
970,Darwin,0.0001,Male,227
971,Neo,0.0001,Male,226
972,Titan,0.0001,Male,226
973,Maurice,0.0001,Male,225
974,Mccoy,0.0001,Male,225
975,Alfonso,0.0001,Male,224
976,Henrik,0.0001,Male,224
977,Jeremias,0.0001,Male,224
978,Kole,0.0001,Male,224
979,Mael,0.0001,Male,224
980,TRUE,0.0001,Male,224
981,Veer,0.0001,Male,224
982,Jadiel,0.0001,Male,223
983,Karsyn,0.0001,Male,223
984,Mekhi,0.0001,Male,223
985,Atharv,0.0001,Male,222
986,Darren,0.0001,Male,222
987,Eliezer,0.0001,Male,222
988,Gordon,0.0001,Male,222
989,Mikael,0.0001,Male,222
990,Stone,0.0001,Male,222
991,Wren,0.0001,Male,222
992,Ephraim,0.0001,Male,221
993,Osman,0.0001,Male,221
994,Ulises,0.0001,Male,221
995,Kody,0.0001,Male,220
996,Thatcher,0.0001,Male,220
997,Abner,0.0001,Male,219
998,Cullen,0.0001,Male,219
999,Damari,0.0001,Male,219
1000,Hollis,0.0001,Male,219
1,Olivia,0.0087,Female,15270
2,Emma,0.0077,Female,13527
3,Charlotte,0.0072,Female,12596
4,Amelia,0.007,Female,12311
5,Sophia,0.0068,Female,11944
6,Mia,0.0065,Female,11359
7,Isabella,0.0062,Female,10808
8,Ava,0.0055,Female,9682
9,Evelyn,0.0052,Female,9082
10,Luna,0.0045,Female,7811
11,Harper,0.0044,Female,7769
12,Sofia,0.0044,Female,7641
13,Camila,0.0043,Female,7565
14,Eleanor,0.0039,Female,6739
15,Elizabeth,0.0038,Female,6566
16,Violet,0.0036,Female,6342
17,Scarlett,0.0036,Female,6288
18,Emily,0.0035,Female,6154
19,Hazel,0.0035,Female,6154
20,Lily,0.0035,Female,6146
21,Gianna,0.0035,Female,6129
22,Aurora,0.0035,Female,6054
23,Penelope,0.0035,Female,6041
24,Aria,0.0034,Female,5996
25,Nora,0.0034,Female,5994
26,Chloe,0.0034,Female,5960
27,Ellie,0.0034,Female,5951
28,Mila,0.0034,Female,5895
29,Avery,0.0034,Female,5859
30,Layla,0.0032,Female,5678
31,Abigail,0.0032,Female,5661
32,Ella,0.0032,Female,5643
33,Isla,0.0031,Female,5357
34,Eliana,0.003,Female,5329
35,Nova,0.003,Female,5248
36,Madison,0.003,Female,5160
37,Zoe,0.003,Female,5160
38,Ivy,0.0029,Female,5036
39,Grace,0.0028,Female,4886
40,Lucy,0.0028,Female,4858
41,Willow,0.0027,Female,4727
42,Emilia,0.0027,Female,4670
43,Riley,0.0026,Female,4617
44,Naomi,0.0025,Female,4456
45,Victoria,0.0025,Female,4434
46,Stella,0.0025,Female,4357
47,Elena,0.0024,Female,4261
48,Hannah,0.0023,Female,4102
49,Valentina,0.0023,Female,4075
50,Maya,0.0023,Female,4067
51,Zoey,0.0023,Female,4040
52,Delilah,0.0023,Female,4031
53,Leah,0.0023,Female,3953
54,Lainey,0.0022,Female,3928
55,Lillian,0.0022,Female,3927
56,Paisley,0.0021,Female,3727
57,Genesis,0.0021,Female,3651
58,Madelyn,0.0021,Female,3632
59,Sadie,0.0021,Female,3586
60,Sophie,0.002,Female,3578
61,Leilani,0.002,Female,3543
62,Addison,0.002,Female,3520
63,Natalie,0.002,Female,3418
64,Josephine,0.0019,Female,3347
65,Alice,0.0019,Female,3336
66,Ruby,0.0019,Female,3333
67,Claire,0.0018,Female,3195
68,Kinsley,0.0018,Female,3188
69,Everly,0.0018,Female,3159
70,Emery,0.0018,Female,3104
71,Adeline,0.0018,Female,3074
72,Kennedy,0.0018,Female,3069
73,Maeve,0.0017,Female,3046
74,Audrey,0.0017,Female,3032
75,Autumn,0.0017,Female,3001
76,Athena,0.0017,Female,2984
77,Eden,0.0017,Female,2924
78,Iris,0.0017,Female,2921
79,Anna,0.0017,Female,2918
80,Eloise,0.0017,Female,2916
81,Jade,0.0017,Female,2908
82,Maria,0.0017,Female,2893
83,Caroline,0.0016,Female,2859
84,Brooklyn,0.0016,Female,2850
85,Quinn,0.0016,Female,2846
86,Aaliyah,0.0016,Female,2845
87,Vivian,0.0016,Female,2801
88,Liliana,0.0016,Female,2787
89,Gabriella,0.0016,Female,2782
90,Hailey,0.0016,Female,2776
91,Sarah,0.0016,Female,2749
92,Savannah,0.0016,Female,2739
93,Cora,0.0016,Female,2738
94,Madeline,0.0016,Female,2726
95,Natalia,0.0016,Female,2717
96,Ariana,0.0016,Female,2716
97,Lydia,0.0016,Female,2716
98,Lyla,0.0015,Female,2651
99,Clara,0.0015,Female,2648
100,Allison,0.0015,Female,2641
101,Aubrey,0.0015,Female,2573
102,Millie,0.0015,Female,2559
103,Melody,0.0015,Female,2557
104,Ayla,0.0015,Female,2552
105,Serenity,0.0015,Female,2548
106,Bella,0.0015,Female,2540
107,Skylar,0.0014,Female,2522
108,Josie,0.0014,Female,2504
109,Lucia,0.0014,Female,2432
110,Daisy,0.0014,Female,2412
111,Raelynn,0.0014,Female,2406
112,Eva,0.0014,Female,2405
113,Juniper,0.0014,Female,2382
114,Samantha,0.0014,Female,2363
115,Elliana,0.0013,Female,2358
116,Eliza,0.0013,Female,2350
117,Rylee,0.0013,Female,2328
118,Nevaeh,0.0013,Female,2326
119,Hadley,0.0013,Female,2304
120,Alaia,0.0013,Female,2300
121,Parker,0.0013,Female,2293
122,Julia,0.0013,Female,2290
123,Amara,0.0013,Female,2273
124,Rose,0.0013,Female,2237
125,Charlie,0.0013,Female,2235
126,Ashley,0.0012,Female,2174
127,Remi,0.0012,Female,2170
128,Georgia,0.0012,Female,2157
129,Adalynn,0.0012,Female,2148
130,Melanie,0.0012,Female,2114
131,Amira,0.0012,Female,2099
132,Margaret,0.0012,Female,2070
133,Piper,0.0012,Female,2066
134,Brielle,0.0012,Female,2064
135,Mary,0.0012,Female,2062
136,Freya,0.0012,Female,2061
137,Cecilia,0.0012,Female,2050
138,Esther,0.0011,Female,2008
139,Arya,0.0011,Female,2002
140,Sienna,0.0011,Female,1989
141,Summer,0.0011,Female,1960
142,Peyton,0.0011,Female,1953
143,Sage,0.0011,Female,1945
144,Valerie,0.0011,Female,1944
145,Magnolia,0.0011,Female,1942
146,Emersyn,0.0011,Female,1930
147,Catalina,0.0011,Female,1928
148,Margot,0.0011,Female,1923
149,Everleigh,0.0011,Female,1920
150,Alina,0.0011,Female,1895
151,Sloane,0.0011,Female,1890
152,Brianna,0.0011,Female,1875
153,Oakley,0.0011,Female,1874
154,Valeria,0.0011,Female,1860
155,Blakely,0.0011,Female,1854
156,Kehlani,0.0011,Female,1854
157,Oaklynn,0.001,Female,1815
158,Ximena,0.001,Female,1809
159,Isabelle,0.001,Female,1785
160,Juliette,0.001,Female,1785
161,Emerson,0.001,Female,1764
162,Amaya,0.001,Female,1750
163,Elsie,0.001,Female,1749
164,Isabel,0.001,Female,1743
165,Mackenzie,0.001,Female,1737
166,Genevieve,0.001,Female,1734
167,Anastasia,0.001,Female,1725
168,Reagan,0.001,Female,1721
169,Katherine,0.001,Female,1697
170,Ember,0.001,Female,1696
171,June,0.001,Female,1694
172,Bailey,0.001,Female,1678
173,Andrea,0.001,Female,1671
174,Reese,0.001,Female,1663
175,Wrenley,0.0009,Female,1654
176,Gemma,0.0009,Female,1649
177,Ada,0.0009,Female,1647
178,Alani,0.0009,Female,1647
179,Callie,0.0009,Female,1646
180,Kaylee,0.0009,Female,1641
181,Olive,0.0009,Female,1640
182,Rosalie,0.0009,Female,1640
183,Myla,0.0009,Female,1638
184,Alana,0.0009,Female,1614
185,Ariella,0.0009,Female,1613
186,Kaia,0.0009,Female,1608
187,Ruth,0.0009,Female,1594
188,Arianna,0.0009,Female,1587
189,Sara,0.0009,Female,1587
190,Jasmine,0.0009,Female,1585
191,Phoebe,0.0009,Female,1580
192,Adaline,0.0009,Female,1578
193,River,0.0009,Female,1577
194,Hallie,0.0009,Female,1553
195,Adalyn,0.0009,Female,1538
196,Wren,0.0009,Female,1537
197,Presley,0.0009,Female,1517
198,Lilah,0.0009,Female,1493
199,Alora,0.0009,Female,1488
200,Amy,0.0008,Female,1483
201,Norah,0.0008,Female,1479
202,Annie,0.0008,Female,1477
203,Zuri,0.0008,Female,1471
204,Alexandra,0.0008,Female,1467
205,Sutton,0.0008,Female,1456
206,Noelle,0.0008,Female,1451
207,Kylie,0.0008,Female,1439
208,Molly,0.0008,Female,1430
209,Lia,0.0008,Female,1425
210,Journee,0.0008,Female,1423
211,Leia,0.0008,Female,1421
212,Evangeline,0.0008,Female,1407
213,Lila,0.0008,Female,1395
214,Aspen,0.0008,Female,1387
215,Saylor,0.0008,Female,1387
216,Khloe,0.0008,Female,1381
217,Aitana,0.0008,Female,1364
218,Alaina,0.0008,Female,1356
219,Haven,0.0008,Female,1353
220,Aliyah,0.0008,Female,1346
221,Blake,0.0008,Female,1346
222,Kimberly,0.0008,Female,1329
223,Vera,0.0008,Female,1328
224,Ana,0.0008,Female,1327
225,Kailani,0.0008,Female,1315
226,Tatum,0.0008,Female,1314
227,Arabella,0.0008,Female,1313
228,Diana,0.0007,Female,1307
229,Selena,0.0007,Female,1304
230,Kiara,0.0007,Female,1302
231,Harmony,0.0007,Female,1297
232,Lilith,0.0007,Female,1294
233,Rowan,0.0007,Female,1285
234,Delaney,0.0007,Female,1283
235,Vivienne,0.0007,Female,1283
236,Zara,0.0007,Female,1282
237,Collins,0.0007,Female,1269
238,Harlow,0.0007,Female,1266
239,Blair,0.0007,Female,1263
240,Leila,0.0007,Female,1263
241,Daphne,0.0007,Female,1257
242,Faith,0.0007,Female,1256
243,Lennon,0.0007,Female,1255
244,Stevie,0.0007,Female,1252
245,Mariana,0.0007,Female,1249
246,Kaylani,0.0007,Female,1246
247,Morgan,0.0007,Female,1245
248,Juliana,0.0007,Female,1240
249,Gracie,0.0007,Female,1237
250,Nyla,0.0007,Female,1236
251,Miriam,0.0007,Female,1234
252,Daniela,0.0007,Female,1230
253,Dahlia,0.0007,Female,1219
254,Brynlee,0.0007,Female,1210
255,Rachel,0.0007,Female,1209
256,Angela,0.0007,Female,1205
257,Lilly,0.0007,Female,1194
258,Kamila,0.0007,Female,1192
259,Samara,0.0007,Female,1190
260,Ryleigh,0.0007,Female,1186
261,Taylor,0.0007,Female,1185
262,Dakota,0.0007,Female,1183
263,Lola,0.0007,Female,1183
264,Talia,0.0007,Female,1181
265,Evie,0.0007,Female,1170
266,Jordyn,0.0007,Female,1170
267,Ophelia,0.0007,Female,1166
268,Camille,0.0007,Female,1158
269,Gia,0.0007,Female,1155
270,Milani,0.0007,Female,1154
271,Lena,0.0007,Female,1149
272,Elaina,0.0007,Female,1147
273,Malia,0.0007,Female,1144
274,Elise,0.0007,Female,1142
275,Celeste,0.0006,Female,1133
276,Londyn,0.0006,Female,1131
277,Palmer,0.0006,Female,1129
278,Mabel,0.0006,Female,1125
279,Octavia,0.0006,Female,1123
280,Sawyer,0.0006,Female,1120
281,Jane,0.0006,Female,1108
282,Finley,0.0006,Female,1106
283,Marley,0.0006,Female,1104
284,Adelaide,0.0006,Female,1103
285,Lucille,0.0006,Female,1102
286,Shiloh,0.0006,Female,1099
287,Antonella,0.0006,Female,1092
288,Ariel,0.0006,Female,1092
289,Poppy,0.0006,Female,1072
290,Kali,0.0006,Female,1066
291,Elianna,0.0006,Female,1065
292,Juliet,0.0006,Female,1061
293,Maisie,0.0006,Female,1059
294,Cataleya,0.0006,Female,1054
295,Danna,0.0006,Female,1052
296,Aubree,0.0006,Female,1044
297,Gabriela,0.0006,Female,1041
298,Noa,0.0006,Female,1041
299,Brooke,0.0006,Female,1032
300,Celine,0.0006,Female,1026
301,Alessia,0.0006,Female,1021
302,Hope,0.0006,Female,1011
303,Selah,0.0006,Female,1010
304,Vanessa,0.0006,Female,1010
305,Rory,0.0006,Female,1005
306,Sydney,0.0006,Female,1001
307,Amari,0.0006,Female,997
308,Teagan,0.0006,Female,996
309,Adriana,0.0006,Female,995
310,Payton,0.0006,Female,990
311,Rosemary,0.0006,Female,986
312,Laila,0.0006,Female,985
313,London,0.0006,Female,984
314,Angelina,0.0006,Female,982
315,Alayna,0.0006,Female,978
316,Kendall,0.0006,Female,978
317,Rebecca,0.0006,Female,977
318,Maggie,0.0006,Female,974
319,Adelyn,0.0006,Female,972
320,Evelynn,0.0006,Female,971
321,Thea,0.0006,Female,970
322,Amina,0.0006,Female,969
323,Tessa,0.0005,Female,960
324,Kayla,0.0005,Female,951
325,Esme,0.0005,Female,944
326,Mckenna,0.0005,Female,940
327,Nicole,0.0005,Female,940
328,Regina,0.0005,Female,937
329,Luciana,0.0005,Female,933
330,Julianna,0.0005,Female,930
331,Nayeli,0.0005,Female,929
332,Catherine,0.0005,Female,928
333,Alyssa,0.0005,Female,927
334,Journey,0.0005,Female,923
335,Dream,0.0005,Female,920
336,Camilla,0.0005,Female,918
337,Ariyah,0.0005,Female,917
338,Nina,0.0005,Female,917
339,Joanna,0.0005,Female,915
340,Mya,0.0005,Female,911
341,Annabelle,0.0005,Female,905
342,Esmeralda,0.0005,Female,904
343,Lauren,0.0005,Female,898
344,Fatima,0.0005,Female,893
345,Giselle,0.0005,Female,887
346,Harley,0.0005,Female,885
347,Jocelyn,0.0005,Female,885
348,Phoenix,0.0005,Female,866
349,Trinity,0.0005,Female,866
350,Malani,0.0005,Female,865
351,Heidi,0.0005,Female,864
352,Meadow,0.0005,Female,864
353,Raya,0.0005,Female,862
354,Paige,0.0005,Female,860
355,Jayla,0.0005,Female,857
356,Logan,0.0005,Female,856
357,Leighton,0.0005,Female,850
358,Charlee,0.0005,Female,848
359,Viviana,0.0005,Female,844
360,Madilyn,0.0005,Female,842
361,Raven,0.0005,Female,841
362,Amora,0.0005,Female,840
363,Navy,0.0005,Female,840
364,Itzel,0.0005,Female,839
365,Laura,0.0005,Female,837
366,Emory,0.0005,Female,834
367,Azalea,0.0005,Female,833
368,Hayden,0.0005,Female,831
369,Aniyah,0.0005,Female,826
370,Winter,0.0005,Female,826
371,Aurelia,0.0005,Female,825
372,Alivia,0.0005,Female,822
373,Brooklynn,0.0005,Female,821
374,Francesca,0.0005,Female,820
375,Serena,0.0005,Female,817
376,Lilliana,0.0005,Female,813
377,Gracelynn,0.0005,Female,812
378,Kalani,0.0005,Female,810
379,Aisha,0.0005,Female,809
380,Gwendolyn,0.0005,Female,808
381,Elaine,0.0005,Female,806
382,Nylah,0.0005,Female,804
383,Hattie,0.0005,Female,801
384,Wynter,0.0005,Female,801
385,Adelynn,0.0005,Female,796
386,Adelina,0.0005,Female,790
387,Alessandra,0.0005,Female,788
388,Mylah,0.0005,Female,788
389,Alayah,0.0005,Female,787
390,Anaya,0.0004,Female,784
391,Julieta,0.0004,Female,783
392,Rosie,0.0004,Female,779
393,Mariah,0.0004,Female,777
394,Demi,0.0004,Female,776
395,Raelyn,0.0004,Female,771
396,Sabrina,0.0004,Female,770
397,Helen,0.0004,Female,768
398,Everlee,0.0004,Female,765
399,Astrid,0.0004,Female,764
400,Fiona,0.0004,Female,764
401,Michelle,0.0004,Female,763
402,Xiomara,0.0004,Female,761
403,Briella,0.0004,Female,758
404,Alexandria,0.0004,Female,755
405,Frances,0.0004,Female,755
406,Sunny,0.0004,Female,749
407,Sarai,0.0004,Female,748
408,Alaya,0.0004,Female,744
409,Melissa,0.0004,Female,742
410,Veronica,0.0004,Female,741
411,Mira,0.0004,Female,740
412,Zariah,0.0004,Female,740
413,Brynn,0.0004,Female,739
414,Reign,0.0004,Female,739
415,Maryam,0.0004,Female,738
416,Lana,0.0004,Female,734
417,Arielle,0.0004,Female,729
418,Raegan,0.0004,Female,729
419,Remington,0.0004,Female,729
420,Salem,0.0004,Female,729
421,Elisa,0.0004,Female,728
422,Aylin,0.0004,Female,726
423,Emely,0.0004,Female,726
424,Carolina,0.0004,Female,725
425,Sylvie,0.0004,Female,725
426,Sylvia,0.0004,Female,722
427,Annalise,0.0004,Female,719
428,Willa,0.0004,Female,717
429,Mallory,0.0004,Female,713
430,Kira,0.0004,Female,712
431,Daniella,0.0004,Female,711
432,Elora,0.0004,Female,710
433,Saige,0.0004,Female,710
434,Carmen,0.0004,Female,709
435,Charli,0.0004,Female,708
436,Mckenzie,0.0004,Female,707
437,Matilda,0.0004,Female,706
438,Miracle,0.0004,Female,706
439,Destiny,0.0004,Female,704
440,Alicia,0.0004,Female,699
441,Elle,0.0004,Female,696
442,Colette,0.0004,Female,695
443,Anya,0.0004,Female,694
444,Madeleine,0.0004,Female,688
445,Oaklee,0.0004,Female,685
446,Skye,0.0004,Female,683
447,Cali,0.0004,Female,682
448,Daleyza,0.0004,Female,682
449,Alexis,0.0004,Female,681
450,Holly,0.0004,Female,681
451,Katalina,0.0004,Female,681
452,Miley,0.0004,Female,681
453,Alanna,0.0004,Female,676
454,Felicity,0.0004,Female,676
455,Joy,0.0004,Female,676
456,Helena,0.0004,Female,675
457,Makayla,0.0004,Female,675
458,Amirah,0.0004,Female,669
459,Maia,0.0004,Female,669
460,Armani,0.0004,Female,668
461,Alma,0.0004,Female,663
462,Anahi,0.0004,Female,661
463,Ari,0.0004,Female,660
464,Bianca,0.0004,Female,659
465,Scarlet,0.0004,Female,659
466,Amiyah,0.0004,Female,658
467,Dorothy,0.0004,Female,658
468,Stephanie,0.0004,Female,654
469,Fernanda,0.0004,Female,653
470,Briana,0.0004,Female,652
471,Alison,0.0004,Female,651
472,Lorelai,0.0004,Female,650
473,Renata,0.0004,Female,650
474,Macie,0.0004,Female,648
475,Makenna,0.0004,Female,648
476,Imani,0.0004,Female,645
477,Jimena,0.0004,Female,639
478,Kate,0.0004,Female,639
479,Liana,0.0004,Female,638
480,Cameron,0.0004,Female,637
481,Lyra,0.0004,Female,636
482,Maddison,0.0004,Female,634
483,Izabella,0.0004,Female,630
484,Amanda,0.0004,Female,629
485,Lorelei,0.0004,Female,628
486,Dayana,0.0004,Female,627
487,Gracelyn,0.0004,Female,626
488,Opal,0.0004,Female,624
489,Nadia,0.0004,Female,622
490,Brinley,0.0004,Female,620
491,Madelynn,0.0004,Female,620
492,Calliope,0.0004,Female,618
493,Paris,0.0004,Female,618
494,Camryn,0.0004,Female,617
495,Danielle,0.0004,Female,617
496,Cassidy,0.0004,Female,616
497,Cecelia,0.0004,Female,614
498,Haisley,0.0004,Female,614
499,Jordan,0.0004,Female,613
500,Faye,0.0003,Female,610
501,Marlee,0.0003,Female,605
502,Bonnie,0.0003,Female,603
503,Allie,0.0003,Female,602
504,Edith,0.0003,Female,602
505,Emmy,0.0003,Female,599
506,Mae,0.0003,Female,597
507,Kaliyah,0.0003,Female,596
508,Oakleigh,0.0003,Female,596
509,Meredith,0.0003,Female,595
510,Carter,0.0003,Female,594
511,Kamryn,0.0003,Female,590
512,Ariah,0.0003,Female,589
513,Maxine,0.0003,Female,588
514,Heaven,0.0003,Female,587
515,April,0.0003,Female,584
516,Blaire,0.0003,Female,584
517,Jennifer,0.0003,Female,583
518,Leona,0.0003,Female,583
519,Murphy,0.0003,Female,582
520,Ivory,0.0003,Female,581
521,Florence,0.0003,Female,580
522,Lexi,0.0003,Female,580
523,Angel,0.0003,Female,579
524,Alondra,0.0003,Female,577
525,Hanna,0.0003,Female,577
526,Rhea,0.0003,Female,576
527,Bristol,0.0003,Female,573
528,Amalia,0.0003,Female,572
529,Katie,0.0003,Female,572
530,Monroe,0.0003,Female,571
531,Emelia,0.0003,Female,569
532,Maliyah,0.0003,Female,569
533,Kora,0.0003,Female,566
534,Ariya,0.0003,Female,565
535,Mariam,0.0003,Female,565
536,Lyric,0.0003,Female,562
537,Makenzie,0.0003,Female,561
538,Frankie,0.0003,Female,560
539,Jacqueline,0.0003,Female,560
540,Jazlyn,0.0003,Female,558
541,Legacy,0.0003,Female,556
542,Margo,0.0003,Female,556
543,Clementine,0.0003,Female,554
544,Maren,0.0003,Female,553
545,Paislee,0.0003,Female,553
546,Alejandra,0.0003,Female,551
547,Sevyn,0.0003,Female,551
548,Jolene,0.0003,Female,549
549,Averie,0.0003,Female,548
550,Briar,0.0003,Female,548
551,Yaretzi,0.0003,Female,547
552,Gabrielle,0.0003,Female,545
553,Jessica,0.0003,Female,545
554,Rylie,0.0003,Female,544
555,Alia,0.0003,Female,543
556,Zahra,0.0003,Female,543
557,Emerie,0.0003,Female,541
558,Lilian,0.0003,Female,541
559,Arleth,0.0003,Female,535
560,Virginia,0.0003,Female,535
561,Avianna,0.0003,Female,530
562,Royalty,0.0003,Female,530
563,Azariah,0.0003,Female,527
564,Kenzie,0.0003,Female,523
565,Kyla,0.0003,Female,523
566,Sierra,0.0003,Female,522
567,Halo,0.0003,Female,520
568,Holland,0.0003,Female,520
569,Reyna,0.0003,Female,520
570,Thalia,0.0003,Female,520
571,Keira,0.0003,Female,519
572,Capri,0.0003,Female,518
573,Marina,0.0003,Female,518
574,Noemi,0.0003,Female,518
575,Amber,0.0003,Female,517
576,Miranda,0.0003,Female,517
577,Sariyah,0.0003,Female,517
578,Rosalia,0.0003,Female,516
579,Indie,0.0003,Female,514
580,Oaklyn,0.0003,Female,514
581,Anne,0.0003,Female,513
582,Mara,0.0003,Female,513
583,Lina,0.0003,Female,512
584,Wrenlee,0.0003,Female,512
585,Mina,0.0003,Female,511
586,Louise,0.0003,Female,510
587,Beatrice,0.0003,Female,509
588,Jovie,0.0003,Female,507
589,Ivanna,0.0003,Female,506
590,Nalani,0.0003,Female,506
591,Journi,0.0003,Female,505
592,Marceline,0.0003,Female,505
593,Ailani,0.0003,Female,504
594,Myra,0.0003,Female,504
595,Mavis,0.0003,Female,501
596,Aliana,0.0003,Female,500
597,Kinley,0.0003,Female,499
598,Ainsley,0.0003,Female,496
599,Jaylani,0.0003,Female,496
600,Eve,0.0003,Female,495
601,Iyla,0.0003,Female,495
602,Leyla,0.0003,Female,493
603,Alexa,0.0003,Female,490
604,Arlet,0.0003,Female,490
605,Lylah,0.0003,Female,490
606,Charleigh,0.0003,Female,488
607,Chaya,0.0003,Female,488
608,Cleo,0.0003,Female,488
609,Tiana,0.0003,Female,488
610,Estella,0.0003,Female,486
611,Nellie,0.0003,Female,485
612,Winnie,0.0003,Female,485
613,Yara,0.0003,Female,485
614,Mikayla,0.0003,Female,483
615,Dallas,0.0003,Female,482
616,Sasha,0.0003,Female,481
617,Scottie,0.0003,Female,481
618,Hadassah,0.0003,Female,480
619,Amani,0.0003,Female,479
620,Ila,0.0003,Female,478
621,Kaitlyn,0.0003,Female,478
622,Ellianna,0.0003,Female,477
623,Abby,0.0003,Female,475
624,Skyler,0.0003,Female,475
625,Amaia,0.0003,Female,473
626,Freyja,0.0003,Female,473
627,Romina,0.0003,Female,473
628,Lennox,0.0003,Female,471
629,Jenna,0.0003,Female,470
630,Kennedi,0.0003,Female,470
631,Kayleigh,0.0003,Female,466
632,Melany,0.0003,Female,464
633,Amoura,0.0003,Female,463
634,Mckinley,0.0003,Female,458
635,Angelica,0.0003,Female,457
636,Keilani,0.0003,Female,457
637,Michaela,0.0003,Female,457
638,Zariyah,0.0003,Female,457
639,Cassandra,0.0003,Female,456
640,Noah,0.0003,Female,456
641,Remy,0.0003,Female,456
642,Nia,0.0003,Female,455
643,Reina,0.0003,Female,454
644,Milan,0.0003,Female,453
645,Jazmin,0.0003,Female,452
646,Davina,0.0003,Female,451
647,Della,0.0003,Female,451
648,Dylan,0.0003,Female,451
649,Marie,0.0003,Female,451
650,Galilea,0.0003,Female,450
651,Violeta,0.0003,Female,449
652,Jaliyah,0.0003,Female,448
653,Jenesis,0.0003,Female,447
654,Melina,0.0003,Female,447
655,Isabela,0.0003,Female,446
656,Priscilla,0.0003,Female,446
657,Emberly,0.0003,Female,445
658,Erin,0.0003,Female,445
659,Aliza,0.0003,Female,444
660,Eileen,0.0003,Female,444
661,Shelby,0.0003,Female,444
662,Kelsey,0.0003,Female,443
663,Laney,0.0003,Female,443
664,Siena,0.0003,Female,443
665,Braelynn,0.0003,Female,442
666,Analia,0.0003,Female,440
667,Elliott,0.0003,Female,440
668,Rosa,0.0003,Female,440
669,Aleena,0.0003,Female,439
670,Leslie,0.0003,Female,439
671,Gloria,0.0002,Female,436
672,Kataleya,0.0002,Female,436
673,Martha,0.0002,Female,435
674,Irene,0.0002,Female,434
675,Clover,0.0002,Female,433
676,Penny,0.0002,Female,431
677,Ryan,0.0002,Female,431
678,Kaeli,0.0002,Female,430
679,Taytum,0.0002,Female,430
680,Karsyn,0.0002,Female,427
681,Kathryn,0.0002,Female,427
682,Estrella,0.0002,Female,424
683,Adrianna,0.0002,Female,423
684,Flora,0.0002,Female,422
685,Goldie,0.0002,Female,422
686,Halle,0.0002,Female,422
687,Haley,0.0002,Female,421
688,Sloan,0.0002,Female,421
689,Fallon,0.0002,Female,420
690,Macy,0.0002,Female,419
691,Vienna,0.0002,Female,418
692,Janelle,0.0002,Female,416
693,Elowyn,0.0002,Female,415
694,Megan,0.0002,Female,414
695,Azari,0.0002,Female,413
696,Maci,0.0002,Female,413
697,Aya,0.0002,Female,412
698,Kyra,0.0002,Female,410
699,Lillie,0.0002,Female,409
700,Milena,0.0002,Female,408
701,Birdie,0.0002,Female,407
702,Liv,0.0002,Female,403
703,Christina,0.0002,Female,401
704,Novah,0.0002,Female,401
705,Zelda,0.0002,Female,401
706,Paula,0.0002,Female,400
707,Julie,0.0002,Female,399
708,Selene,0.0002,Female,398
709,Khaleesi,0.0002,Female,397
710,Chelsea,0.0002,Female,395
711,Estelle,0.0002,Female,395
712,Karla,0.0002,Female,395
713,Chana,0.0002,Female,394
714,Marigold,0.0002,Female,392
715,Laurel,0.0002,Female,391
716,Promise,0.0002,Female,390
717,Rayna,0.0002,Female,390
718,Alisson,0.0002,Female,389
719,Bethany,0.0002,Female,389
720,Jemma,0.0002,Female,389
721,Yareli,0.0002,Female,388
722,Adalee,0.0002,Female,387
723,Andi,0.0002,Female,387
724,Coraline,0.0002,Female,387
725,Hana,0.0002,Female,387
726,Kiana,0.0002,Female,387
727,Madilynn,0.0002,Female,386
728,Monica,0.0002,Female,386
729,Charley,0.0002,Female,385
730,Dior,0.0002,Female,384
731,Arlette,0.0002,Female,383
732,Lara,0.0002,Female,383
733,Whitley,0.0002,Female,383
734,Love,0.0002,Female,382
735,Zaniyah,0.0002,Female,382
736,Inaya,0.0002,Female,381
737,Angie,0.0002,Female,380
738,Elodie,0.0002,Female,380
739,Nola,0.0002,Female,379
740,Rivka,0.0002,Female,378
741,Kendra,0.0002,Female,377
742,Marilyn,0.0002,Female,377
743,Aleah,0.0002,Female,376
744,Emerald,0.0002,Female,376
745,Persephone,0.0002,Female,376
746,Addilyn,0.0002,Female,375
747,Amayah,0.0002,Female,375
748,Bridget,0.0002,Female,375
749,Giana,0.0002,Female,375
750,Johanna,0.0002,Female,374
751,Kenna,0.0002,Female,373
752,Milana,0.0002,Female,373
753,Baylor,0.0002,Female,372
754,Brynleigh,0.0002,Female,372
755,Kensley,0.0002,Female,372
756,Zaria,0.0002,Female,371
757,Ellis,0.0002,Female,370
758,Aviana,0.0002,Female,369
759,Lacey,0.0002,Female,369
760,Leilany,0.0002,Female,369
761,Drew,0.0002,Female,368
762,Ezra,0.0002,Female,368
763,Lenora,0.0002,Female,368
764,Loretta,0.0002,Female,368
765,Adley,0.0002,Female,367
766,Novalee,0.0002,Female,367
767,Aila,0.0002,Female,365
768,Karina,0.0002,Female,365
769,Adhara,0.0002,Female,364
770,Georgina,0.0002,Female,364
771,Emmie,0.0002,Female,363
772,Theodora,0.0002,Female,363
773,Kelly,0.0002,Female,362
774,Kylee,0.0002,Female,362
775,Lottie,0.0002,Female,362
776,Malaysia,0.0002,Female,362
777,Paulina,0.0002,Female,362
778,Lakelynn,0.0002,Female,361
779,Dani,0.0002,Female,360
780,Denver,0.0002,Female,360
781,Dulce,0.0002,Female,360
782,Jamie,0.0002,Female,358
783,Sky,0.0002,Female,358
784,Carly,0.0002,Female,357
785,Kinslee,0.0002,Female,357
786,Marisol,0.0002,Female,357
787,Henley,0.0002,Female,355
788,Jayleen,0.0002,Female,355
789,Jream,0.0002,Female,355
790,Cheyenne,0.0002,Female,354
791,Maisy,0.0002,Female,354
792,Noor,0.0002,Female,354
793,Robin,0.0002,Female,354
794,Savanna,0.0002,Female,354
795,Ramona,0.0002,Female,352
796,Aileen,0.0002,Female,351
797,Kaiya,0.0002,Female,351
798,Emberlynn,0.0002,Female,350
799,Jessie,0.0002,Female,350
800,Zayla,0.0002,Female,350
801,Lea,0.0002,Female,349
802,Samira,0.0002,Female,349
803,Araceli,0.0002,Female,348
804,Azaria,0.0002,Female,346
805,Pearl,0.0002,Female,345
806,Elyse,0.0002,Female,344
807,Hunter,0.0002,Female,344
808,Kori,0.0002,Female,344
809,Louisa,0.0002,Female,344
810,Kamari,0.0002,Female,343
811,Nyomi,0.0002,Female,343
812,Skyla,0.0002,Female,343
813,Treasure,0.0002,Female,343
814,Alexia,0.0002,Female,340
815,Gwen,0.0002,Female,340
816,Alena,0.0002,Female,338
817,Tallulah,0.0002,Female,338
818,Veda,0.0002,Female,338
819,Mikaela,0.0002,Female,337
820,Kya,0.0002,Female,336
821,Scout,0.0002,Female,336
822,Valery,0.0002,Female,335
823,Adele,0.0002,Female,334
824,Livia,0.0002,Female,334
825,Naya,0.0002,Female,334
826,Ocean,0.0002,Female,332
827,Iliana,0.0002,Female,331
828,Bellamy,0.0002,Female,330
829,Celia,0.0002,Female,330
830,Vada,0.0002,Female,330
831,Zaylee,0.0002,Female,329
832,Ashlyn,0.0002,Female,328
833,Mercy,0.0002,Female,328
834,Zendaya,0.0002,Female,328
835,Berkley,0.0002,Female,327
836,Marlowe,0.0002,Female,327
837,Arely,0.0002,Female,326
838,Aspyn,0.0002,Female,326
839,Maddie,0.0002,Female,326
840,Avani,0.0002,Female,325
841,Belen,0.0002,Female,322
842,Linda,0.0002,Female,321
843,Luz,0.0002,Female,321
844,Teresa,0.0002,Female,320
845,Meilani,0.0002,Female,319
846,Nala,0.0002,Female,317
847,Malaya,0.0002,Female,315
848,Amiri,0.0002,Female,314
849,Anais,0.0002,Female,314
850,Lisa,0.0002,Female,313
851,Ivey,0.0002,Female,312
852,Katelyn,0.0002,Female,312
853,Dania,0.0002,Female,311
854,Zoya,0.0002,Female,311
855,Ailany,0.0002,Female,310
856,Artemis,0.0002,Female,310
857,Rayne,0.0002,Female,310
858,Brittany,0.0002,Female,309
859,Cielo,0.0002,Female,309
860,Janiyah,0.0002,Female,309
861,Kallie,0.0002,Female,309
862,Yasmin,0.0002,Female,309
863,Zora,0.0002,Female,309
864,Aliya,0.0002,Female,308
865,Billie,0.0002,Female,308
866,Elia,0.0002,Female,308
867,Khalani,0.0002,Female,308
868,Rosalina,0.0002,Female,308
869,Zhuri,0.0002,Female,308
870,Ainara,0.0002,Female,307
871,Alitzel,0.0002,Female,307
872,Stormi,0.0002,Female,307
873,Cynthia,0.0002,Female,306
874,Elina,0.0002,Female,306
875,Lilianna,0.0002,Female,306
876,Zainab,0.0002,Female,306
877,Barbara,0.0002,Female,305
878,Ensley,0.0002,Female,305
879,Miller,0.0002,Female,305
880,Waverly,0.0002,Female,305
881,Winona,0.0002,Female,305
882,Jaycee,0.0002,Female,304
883,Andie,0.0002,Female,303
884,Kimber,0.0002,Female,303
885,Marianna,0.0002,Female,303
886,Keyla,0.0002,Female,302
887,Baylee,0.0002,Female,301
888,Emryn,0.0002,Female,301
889,Giuliana,0.0002,Female,301
890,Karter,0.0002,Female,301
891,Liberty,0.0002,Female,301
892,Sol,0.0002,Female,301
893,Amelie,0.0002,Female,300
894,Hadlee,0.0002,Female,299
895,Harmoni,0.0002,Female,297
896,Tiffany,0.0002,Female,297
897,Chandler,0.0002,Female,296
898,Elliot,0.0002,Female,296
899,Lilyana,0.0002,Female,295
900,Nori,0.0002,Female,295
901,Salma,0.0002,Female,295
902,Dalia,0.0002,Female,294
903,Judith,0.0002,Female,294
904,Madalyn,0.0002,Female,294
905,Raquel,0.0002,Female,294
906,Jolie,0.0002,Female,293
907,Keily,0.0002,Female,293
908,Magdalena,0.0002,Female,293
909,Yamileth,0.0002,Female,292
910,Bria,0.0002,Female,291
911,Amaris,0.0002,Female,290
912,Harlee,0.0002,Female,290
913,August,0.0002,Female,289
914,Ayleen,0.0002,Female,289
915,Kimora,0.0002,Female,289
916,Braelyn,0.0002,Female,288
917,Kamiyah,0.0002,Female,288
918,Indy,0.0002,Female,286
919,Princess,0.0002,Female,286
920,Ruthie,0.0002,Female,286
921,Ashlynn,0.0002,Female,285
922,Jazmine,0.0002,Female,285
923,Laylani,0.0002,Female,285
924,Marleigh,0.0002,Female,285
925,Raina,0.0002,Female,285
926,Roselyn,0.0002,Female,285
927,Simone,0.0002,Female,285
928,Anika,0.0002,Female,284
929,Lakelyn,0.0002,Female,284
930,Luella,0.0002,Female,284
931,Nataly,0.0002,Female,284
932,Giovanna,0.0002,Female,283
933,Greta,0.0002,Female,283
934,Solana,0.0002,Female,283
935,Bailee,0.0002,Female,282
936,Joelle,0.0002,Female,282
937,Kara,0.0002,Female,282
938,Etta,0.0002,Female,281
939,Julissa,0.0002,Female,281
940,Kai,0.0002,Female,280
941,Avayah,0.0002,Female,279
942,Nancy,0.0002,Female,279
943,Alianna,0.0002,Female,278
944,Ayra,0.0002,Female,278
945,Sarahi,0.0002,Female,277
946,Eleanora,0.0002,Female,276
947,Kenia,0.0002,Female,276
948,Emmeline,0.0002,Female,275
949,Luisa,0.0002,Female,275
950,Xyla,0.0002,Female,275
951,Cadence,0.0002,Female,274
952,Reya,0.0002,Female,273
953,Blessing,0.0002,Female,272
954,Elouise,0.0002,Female,272
955,Emiliana,0.0002,Female,272
956,Annika,0.0002,Female,270
957,Lilia,0.0002,Female,270
958,Mazie,0.0002,Female,270
959,Saoirse,0.0002,Female,270
960,Aura,0.0002,Female,269
961,Aleyna,0.0002,Female,268
962,Kassidy,0.0002,Female,268
963,Carla,0.0002,Female,267
964,Indigo,0.0002,Female,267
965,Saanvi,0.0002,Female,267
966,Tru,0.0002,Female,267
967,Winifred,0.0002,Female,267
968,Layne,0.0002,Female,265
969,Malayah,0.0002,Female,265
970,Dana,0.0002,Female,264
971,Deborah,0.0002,Female,264
972,Hayley,0.0002,Female,264
973,Sapphire,0.0002,Female,264
974,Seraphina,0.0002,Female,264
975,Kahlani,0.0002,Female,263
976,Nyra,0.0002,Female,263
977,Quincy,0.0002,Female,263
978,Soleil,0.0002,Female,263
979,Allyson,0.0002,Female,262
980,Paloma,0.0002,Female,262
981,Whitney,0.0002,Female,262
982,Laylah,0.0001,Female,261
983,Violette,0.0001,Female,260
984,Kairi,0.0001,Female,259
985,Leanna,0.0001,Female,259
986,Natasha,0.0001,Female,259
987,Ainhoa,0.0001,Female,258
988,Alaiya,0.0001,Female,258
989,Esperanza,0.0001,Female,258
990,Amyra,0.0001,Female,257
991,Clare,0.0001,Female,257
992,Neriah,0.0001,Female,257
993,Araya,0.0001,Female,256
994,Aadhya,0.0001,Female,255
995,Elisabeth,0.0001,Female,255
996,Sariah,0.0001,Female,255
997,Shay,0.0001,Female,255
998,Angelique,0.0001,Female,254
999,Ayah,0.0001,Female,254
1000,Aylani,0.0001,Female,254
